file_id,noise_type,snr_db_condition,config,snr_before_db,snr_after_db,snr_improvement_db,stoi,pesq,transcript_delta
holdout_00_7976-110124-0013,white,-5,dsp_only,-85.17,-58.13,27.03,0.6668,,
holdout_00_7976-110124-0013,white,-5,dsp_ml,-85.17,-58.26,26.91,0.6639,,
holdout_00_7976-110124-0013,white,-5,agent,-85.17,-58.02,27.15,0.6606,,
holdout_00_7976-110124-0013,white,0,dsp_only,-83.54,-57.85,25.69,0.7353,,
holdout_00_7976-110124-0013,white,0,dsp_ml,-83.54,-57.97,25.56,0.7304,,
holdout_00_7976-110124-0013,white,0,agent,-83.54,-57.76,25.78,0.7277,,
holdout_00_7976-110124-0013,white,5,dsp_only,-2.58,-23.03,-20.45,0.7854,,
holdout_00_7976-110124-0013,white,5,dsp_ml,-2.58,-25.36,-22.78,0.7791,,
holdout_00_7976-110124-0013,white,5,agent,1.22,-22.25,-23.48,0.7808,,
holdout_00_7976-110124-0013,white,10,dsp_only,4.25,-12.49,-16.74,0.8224,,
holdout_00_7976-110124-0013,white,10,dsp_ml,4.25,-13.0,-17.24,0.8143,,
holdout_00_7976-110124-0013,white,10,agent,4.69,-17.8,-22.49,0.8326,,
holdout_00_7976-110124-0013,white,15,dsp_only,7.17,-8.72,-15.89,0.8666,,
holdout_00_7976-110124-0013,white,15,dsp_ml,7.17,-8.92,-16.1,0.8571,,
holdout_00_7976-110124-0013,white,15,agent,7.37,-12.05,-19.42,0.8792,,
holdout_00_7976-110124-0013,brown_hum,-5,dsp_only,5.64,10.78,5.14,0.9148,,
holdout_00_7976-110124-0013,brown_hum,-5,dsp_ml,5.64,14.94,9.3,0.9006,,
holdout_00_7976-110124-0013,brown_hum,-5,agent,5.64,15.28,9.63,0.8958,,
holdout_00_7976-110124-0013,brown_hum,0,dsp_only,7.13,12.75,5.62,0.9174,,
holdout_00_7976-110124-0013,brown_hum,0,dsp_ml,7.13,15.46,8.33,0.9034,,
holdout_00_7976-110124-0013,brown_hum,0,agent,7.13,15.78,8.65,0.8995,,
holdout_00_7976-110124-0013,brown_hum,5,dsp_only,9.54,14.73,5.19,0.9192,,
holdout_00_7976-110124-0013,brown_hum,5,dsp_ml,9.54,17.56,8.01,0.9067,,
holdout_00_7976-110124-0013,brown_hum,5,agent,9.54,18.16,8.61,0.9043,,
holdout_00_7976-110124-0013,brown_hum,10,dsp_only,11.92,15.21,3.29,0.9193,,
holdout_00_7976-110124-0013,brown_hum,10,dsp_ml,11.92,17.78,5.86,0.9066,,
holdout_00_7976-110124-0013,brown_hum,10,agent,11.92,18.36,6.44,0.9042,,
holdout_00_7976-110124-0013,brown_hum,15,dsp_only,13.94,15.94,2.0,0.9189,,
holdout_00_7976-110124-0013,brown_hum,15,dsp_ml,13.94,18.42,4.48,0.9063,,
holdout_00_7976-110124-0013,brown_hum,15,agent,13.94,19.03,5.09,0.904,,
holdout_00_7976-110124-0013,tonal,-5,dsp_only,-85.43,-53.74,31.69,0.7025,,
holdout_00_7976-110124-0013,tonal,-5,dsp_ml,-85.43,-53.74,31.69,0.6929,,
holdout_00_7976-110124-0013,tonal,-5,agent,-85.43,-57.48,27.95,0.6909,,
holdout_00_7976-110124-0013,tonal,0,dsp_only,-83.38,-55.55,27.83,0.7567,,
holdout_00_7976-110124-0013,tonal,0,dsp_ml,-83.38,-55.64,27.74,0.7475,,
holdout_00_7976-110124-0013,tonal,0,agent,-83.38,-57.26,26.12,0.7465,,
holdout_00_7976-110124-0013,tonal,5,dsp_only,-0.03,-8.58,-8.55,0.7916,,
holdout_00_7976-110124-0013,tonal,5,dsp_ml,-0.03,-9.04,-9.01,0.7819,,
holdout_00_7976-110124-0013,tonal,5,agent,3.78,-10.06,-13.83,0.7917,,
holdout_00_7976-110124-0013,tonal,10,dsp_only,5.2,0.99,-4.21,0.8317,,
holdout_00_7976-110124-0013,tonal,10,dsp_ml,5.2,0.81,-4.38,0.8213,,
holdout_00_7976-110124-0013,tonal,10,agent,5.4,3.36,-2.05,0.8475,,
holdout_00_7976-110124-0013,tonal,15,dsp_only,9.53,7.24,-2.29,0.8782,,
holdout_00_7976-110124-0013,tonal,15,dsp_ml,9.53,7.07,-2.46,0.8649,,
holdout_00_7976-110124-0013,tonal,15,agent,9.53,7.24,-2.29,0.8782,,
holdout_00_7976-110124-0013,bursty,-5,dsp_only,-86.72,-59.57,27.14,0.6613,,
holdout_00_7976-110124-0013,bursty,-5,dsp_ml,-86.72,-59.67,27.05,0.6585,,
holdout_00_7976-110124-0013,bursty,-5,agent,-86.72,-59.54,27.18,0.6533,,
holdout_00_7976-110124-0013,bursty,0,dsp_only,-84.75,-59.61,25.13,0.7246,,
holdout_00_7976-110124-0013,bursty,0,dsp_ml,-84.75,-59.71,25.04,0.72,,
holdout_00_7976-110124-0013,bursty,0,agent,-84.75,-59.55,25.2,0.7159,,
holdout_00_7976-110124-0013,bursty,5,dsp_only,-2.83,-25.73,-22.9,0.775,,
holdout_00_7976-110124-0013,bursty,5,dsp_ml,-2.83,-28.22,-25.39,0.7689,,
holdout_00_7976-110124-0013,bursty,5,agent,1.12,-22.37,-23.49,0.7694,,
holdout_00_7976-110124-0013,bursty,10,dsp_only,4.55,-12.98,-17.53,0.8197,,
holdout_00_7976-110124-0013,bursty,10,dsp_ml,4.55,-13.4,-17.95,0.8114,,
holdout_00_7976-110124-0013,bursty,10,agent,5.12,-15.9,-21.02,0.8285,,
holdout_00_7976-110124-0013,bursty,15,dsp_only,7.77,-9.45,-17.22,0.8701,,
holdout_00_7976-110124-0013,bursty,15,dsp_ml,7.77,-9.64,-17.41,0.8608,,
holdout_00_7976-110124-0013,bursty,15,agent,7.77,-9.45,-17.22,0.8701,,
holdout_01_8842-302196-0003,white,-5,dsp_only,-84.4,-58.68,25.72,0.5896,,
holdout_01_8842-302196-0003,white,-5,dsp_ml,-84.4,-58.8,25.61,0.5894,,
holdout_01_8842-302196-0003,white,-5,agent,-84.4,-58.81,25.59,0.5848,,
holdout_01_8842-302196-0003,white,0,dsp_only,-82.41,-58.68,23.73,0.7126,,
holdout_01_8842-302196-0003,white,0,dsp_ml,-82.41,-58.8,23.62,0.7109,,
holdout_01_8842-302196-0003,white,0,agent,-82.41,-58.63,23.78,0.7081,,
holdout_01_8842-302196-0003,white,5,dsp_only,1.08,-16.35,-17.42,0.7995,,
holdout_01_8842-302196-0003,white,5,dsp_ml,1.08,-17.14,-18.22,0.7955,,
holdout_01_8842-302196-0003,white,5,agent,5.16,-20.46,-25.62,0.7912,,
holdout_01_8842-302196-0003,white,10,dsp_only,1.04,-13.11,-14.15,0.8348,,
holdout_01_8842-302196-0003,white,10,dsp_ml,1.04,-13.59,-14.63,0.8289,,
holdout_01_8842-302196-0003,white,10,agent,4.56,-16.58,-21.14,0.8281,,
holdout_01_8842-302196-0003,white,15,dsp_only,2.16,-6.91,-9.08,0.8488,,
holdout_01_8842-302196-0003,white,15,dsp_ml,2.16,-7.15,-9.32,0.8423,,
holdout_01_8842-302196-0003,white,15,agent,2.16,-8.35,-10.51,0.8374,,
holdout_01_8842-302196-0003,brown_hum,-5,dsp_only,4.92,5.29,0.37,0.884,,
holdout_01_8842-302196-0003,brown_hum,-5,dsp_ml,4.92,4.14,-0.78,0.8762,,
holdout_01_8842-302196-0003,brown_hum,-5,agent,4.92,1.76,-3.15,0.8689,,
holdout_01_8842-302196-0003,brown_hum,0,dsp_only,6.41,4.8,-1.61,0.8969,,
holdout_01_8842-302196-0003,brown_hum,0,dsp_ml,6.41,3.97,-2.44,0.8875,,
holdout_01_8842-302196-0003,brown_hum,0,agent,6.41,2.24,-4.17,0.8814,,
holdout_01_8842-302196-0003,brown_hum,5,dsp_only,8.44,9.56,1.12,0.9013,,
holdout_01_8842-302196-0003,brown_hum,5,dsp_ml,8.44,9.22,0.78,0.8911,,
holdout_01_8842-302196-0003,brown_hum,5,agent,8.44,10.57,2.13,0.8853,,
holdout_01_8842-302196-0003,brown_hum,10,dsp_only,10.66,11.76,1.1,0.9029,,
holdout_01_8842-302196-0003,brown_hum,10,dsp_ml,10.66,11.47,0.8,0.8928,,
holdout_01_8842-302196-0003,brown_hum,10,agent,10.66,11.35,0.68,0.887,,
holdout_01_8842-302196-0003,brown_hum,15,dsp_only,11.94,11.82,-0.12,0.9035,,
holdout_01_8842-302196-0003,brown_hum,15,dsp_ml,11.94,11.49,-0.44,0.8934,,
holdout_01_8842-302196-0003,brown_hum,15,agent,11.94,11.38,-0.56,0.8877,,
holdout_01_8842-302196-0003,tonal,-5,dsp_only,-84.35,-58.85,25.5,0.6274,,
holdout_01_8842-302196-0003,tonal,-5,dsp_ml,-84.35,-58.94,25.41,0.6258,,
holdout_01_8842-302196-0003,tonal,-5,agent,-84.35,-59.54,24.81,0.6208,,
holdout_01_8842-302196-0003,tonal,0,dsp_only,1.61,-9.37,-10.98,0.7459,,
holdout_01_8842-302196-0003,tonal,0,dsp_ml,1.61,-9.61,-11.22,0.7453,,
holdout_01_8842-302196-0003,tonal,0,agent,5.75,-16.11,-21.86,0.7406,,
holdout_01_8842-302196-0003,tonal,5,dsp_only,-0.01,-9.77,-9.76,0.8083,,
holdout_01_8842-302196-0003,tonal,5,dsp_ml,-0.01,-10.22,-10.21,0.805,,
holdout_01_8842-302196-0003,tonal,5,agent,4.58,-16.12,-20.7,0.8044,,
holdout_01_8842-302196-0003,tonal,10,dsp_only,1.19,-3.49,-4.68,0.8328,,
holdout_01_8842-302196-0003,tonal,10,dsp_ml,1.19,-3.78,-4.97,0.8277,,
holdout_01_8842-302196-0003,tonal,10,agent,3.58,-13.2,-16.78,0.8295,,
holdout_01_8842-302196-0003,tonal,15,dsp_only,2.36,0.01,-2.35,0.8511,,
holdout_01_8842-302196-0003,tonal,15,dsp_ml,2.36,-0.12,-2.48,0.8465,,
holdout_01_8842-302196-0003,tonal,15,agent,2.36,-3.55,-5.91,0.8401,,
holdout_01_8842-302196-0003,bursty,-5,dsp_only,-84.59,-53.49,31.1,0.5926,,
holdout_01_8842-302196-0003,bursty,-5,dsp_ml,-84.59,-53.56,31.03,0.5912,,
holdout_01_8842-302196-0003,bursty,-5,agent,-84.59,-56.29,28.31,0.5886,,
holdout_01_8842-302196-0003,bursty,0,dsp_only,1.64,-9.67,-11.31,0.6976,,
holdout_01_8842-302196-0003,bursty,0,dsp_ml,1.64,-10.42,-12.06,0.6968,,
holdout_01_8842-302196-0003,bursty,0,agent,5.78,-21.56,-27.35,0.6904,,
holdout_01_8842-302196-0003,bursty,5,dsp_only,1.03,-13.85,-14.88,0.7764,,
holdout_01_8842-302196-0003,bursty,5,dsp_ml,1.03,-14.7,-15.73,0.773,,
holdout_01_8842-302196-0003,bursty,5,agent,5.03,-21.36,-26.38,0.7712,,
holdout_01_8842-302196-0003,bursty,10,dsp_only,0.66,-11.7,-12.36,0.821,,
holdout_01_8842-302196-0003,bursty,10,dsp_ml,0.66,-12.14,-12.79,0.8153,,
holdout_01_8842-302196-0003,bursty,10,agent,4.1,-18.58,-22.68,0.8158,,
holdout_01_8842-302196-0003,bursty,15,dsp_only,2.36,-7.84,-10.2,0.8446,,
holdout_01_8842-302196-0003,bursty,15,dsp_ml,2.36,-8.09,-10.45,0.8381,,
holdout_01_8842-302196-0003,bursty,15,agent,2.36,-10.82,-13.18,0.8335,,
