file_id,noise_type,snr_db_condition,config,snr_before_db,snr_after_db,snr_improvement_db,stoi,transcript_delta
holdout_00_7976-110124-0013,white,-5,unprocessed,3.41,3.41,0.0,0.7336,
holdout_00_7976-110124-0013,white,-5,dsp_only,3.41,40.0,36.59,0.6659,
holdout_00_7976-110124-0013,white,-5,dsp_ml,3.41,40.0,36.59,0.6629,
holdout_00_7976-110124-0013,white,-5,agent,3.41,40.0,36.59,0.6591,
holdout_00_7976-110124-0013,white,0,unprocessed,6.63,6.63,0.0,0.8055,
holdout_00_7976-110124-0013,white,0,dsp_only,6.63,40.0,33.37,0.7349,
holdout_00_7976-110124-0013,white,0,dsp_ml,6.63,40.0,33.37,0.73,
holdout_00_7976-110124-0013,white,0,agent,6.63,40.0,33.37,0.7266,
holdout_00_7976-110124-0013,white,5,unprocessed,10.88,10.88,0.0,0.8673,
holdout_00_7976-110124-0013,white,5,dsp_only,10.88,40.0,29.12,0.7856,
holdout_00_7976-110124-0013,white,5,dsp_ml,10.88,40.0,29.12,0.7795,
holdout_00_7976-110124-0013,white,5,agent,10.88,39.89,29.01,0.7971,
holdout_00_7976-110124-0013,white,10,unprocessed,4.25,4.25,0.0,0.9161,
holdout_00_7976-110124-0013,white,10,dsp_only,4.25,-12.0,-16.25,0.8227,
holdout_00_7976-110124-0013,white,10,dsp_ml,4.25,-12.5,-16.75,0.8148,
holdout_00_7976-110124-0013,white,10,agent,4.25,-11.52,-15.76,0.8507,
holdout_00_7976-110124-0013,white,15,unprocessed,7.17,7.17,0.0,0.9521,
holdout_00_7976-110124-0013,white,15,dsp_only,7.17,-8.17,-15.34,0.866,
holdout_00_7976-110124-0013,white,15,dsp_ml,7.17,-8.38,-15.55,0.8568,
holdout_00_7976-110124-0013,white,15,agent,7.17,6.73,-0.44,0.9435,
holdout_00_7976-110124-0013,brown_hum,-5,unprocessed,5.64,5.64,0.0,0.9927,
holdout_00_7976-110124-0013,brown_hum,-5,dsp_only,5.64,11.0,5.35,0.9145,
holdout_00_7976-110124-0013,brown_hum,-5,dsp_ml,5.64,15.01,9.36,0.9002,
holdout_00_7976-110124-0013,brown_hum,-5,agent,5.64,15.28,9.63,0.8946,
holdout_00_7976-110124-0013,brown_hum,0,unprocessed,7.13,7.13,0.0,0.9964,
holdout_00_7976-110124-0013,brown_hum,0,dsp_only,7.13,12.96,5.83,0.9175,
holdout_00_7976-110124-0013,brown_hum,0,dsp_ml,7.13,15.5,8.37,0.9032,
holdout_00_7976-110124-0013,brown_hum,0,agent,7.13,15.76,8.63,0.8983,
holdout_00_7976-110124-0013,brown_hum,5,unprocessed,9.54,9.54,0.0,0.9985,
holdout_00_7976-110124-0013,brown_hum,5,dsp_only,9.54,15.22,5.68,0.9202,
holdout_00_7976-110124-0013,brown_hum,5,dsp_ml,9.54,17.94,8.4,0.9071,
holdout_00_7976-110124-0013,brown_hum,5,agent,9.54,13.49,3.95,0.988,
holdout_00_7976-110124-0013,brown_hum,10,unprocessed,11.92,11.92,0.0,0.9995,
holdout_00_7976-110124-0013,brown_hum,10,dsp_only,11.92,15.76,3.84,0.9204,
holdout_00_7976-110124-0013,brown_hum,10,dsp_ml,11.92,18.16,6.24,0.9072,
holdout_00_7976-110124-0013,brown_hum,10,agent,11.92,15.77,3.85,0.9887,
holdout_00_7976-110124-0013,brown_hum,15,unprocessed,13.94,13.94,0.0,0.9998,
holdout_00_7976-110124-0013,brown_hum,15,dsp_only,13.94,16.48,2.54,0.9202,
holdout_00_7976-110124-0013,brown_hum,15,dsp_ml,13.94,18.78,4.84,0.907,
holdout_00_7976-110124-0013,brown_hum,15,agent,13.94,17.5,3.56,0.9891,
holdout_00_7976-110124-0013,tonal,-5,unprocessed,3.46,3.46,0.0,0.7499,
holdout_00_7976-110124-0013,tonal,-5,dsp_only,3.46,18.52,15.06,0.701,
holdout_00_7976-110124-0013,tonal,-5,dsp_ml,3.46,20.19,16.74,0.6919,
holdout_00_7976-110124-0013,tonal,-5,agent,3.46,26.46,23.01,0.6893,
holdout_00_7976-110124-0013,tonal,0,unprocessed,6.68,6.68,0.0,0.8202,
holdout_00_7976-110124-0013,tonal,0,dsp_only,6.68,21.77,15.09,0.7562,
holdout_00_7976-110124-0013,tonal,0,dsp_ml,6.68,23.6,16.92,0.7479,
holdout_00_7976-110124-0013,tonal,0,agent,6.68,33.96,27.28,0.7458,
holdout_00_7976-110124-0013,tonal,5,unprocessed,10.89,10.89,0.0,0.8757,
holdout_00_7976-110124-0013,tonal,5,dsp_only,10.89,30.24,19.34,0.7914,
holdout_00_7976-110124-0013,tonal,5,dsp_ml,10.89,32.76,21.86,0.7821,
holdout_00_7976-110124-0013,tonal,5,agent,10.89,31.38,20.49,0.8064,
holdout_00_7976-110124-0013,tonal,10,unprocessed,5.2,5.2,0.0,0.9181,
holdout_00_7976-110124-0013,tonal,10,dsp_only,5.2,1.34,-3.86,0.8317,
holdout_00_7976-110124-0013,tonal,10,dsp_ml,5.2,1.16,-4.03,0.8216,
holdout_00_7976-110124-0013,tonal,10,agent,5.2,5.06,-0.13,0.8539,
holdout_00_7976-110124-0013,tonal,15,unprocessed,9.53,9.53,0.0,0.9511,
holdout_00_7976-110124-0013,tonal,15,dsp_only,9.53,7.53,-2.0,0.8784,
holdout_00_7976-110124-0013,tonal,15,dsp_ml,9.53,7.37,-2.16,0.865,
holdout_00_7976-110124-0013,tonal,15,agent,9.53,13.7,4.17,0.9399,
holdout_00_7976-110124-0013,bursty,-5,unprocessed,3.99,3.99,0.0,0.7222,
holdout_00_7976-110124-0013,bursty,-5,dsp_only,3.99,40.0,36.01,0.66,
holdout_00_7976-110124-0013,bursty,-5,dsp_ml,3.99,40.0,36.01,0.6572,
holdout_00_7976-110124-0013,bursty,-5,agent,3.99,40.0,36.01,0.6515,
holdout_00_7976-110124-0013,bursty,0,unprocessed,7.22,7.22,0.0,0.7978,
holdout_00_7976-110124-0013,bursty,0,dsp_only,7.22,40.0,32.78,0.7236,
holdout_00_7976-110124-0013,bursty,0,dsp_ml,7.22,40.0,32.78,0.7192,
holdout_00_7976-110124-0013,bursty,0,agent,7.22,40.0,32.78,0.7143,
holdout_00_7976-110124-0013,bursty,5,unprocessed,11.45,11.45,0.0,0.8605,
holdout_00_7976-110124-0013,bursty,5,dsp_only,11.45,40.0,28.55,0.775,
holdout_00_7976-110124-0013,bursty,5,dsp_ml,11.45,40.0,28.55,0.769,
holdout_00_7976-110124-0013,bursty,5,agent,11.45,40.0,28.55,0.7834,
holdout_00_7976-110124-0013,bursty,10,unprocessed,4.55,4.55,0.0,0.9102,
holdout_00_7976-110124-0013,bursty,10,dsp_only,4.55,-12.48,-17.04,0.8198,
holdout_00_7976-110124-0013,bursty,10,dsp_ml,4.55,-12.91,-17.46,0.8118,
holdout_00_7976-110124-0013,bursty,10,agent,4.55,-11.58,-16.14,0.844,
holdout_00_7976-110124-0013,bursty,15,unprocessed,7.77,7.77,0.0,0.947,
holdout_00_7976-110124-0013,bursty,15,dsp_only,7.77,-8.88,-16.65,0.8698,
holdout_00_7976-110124-0013,bursty,15,dsp_ml,7.77,-9.07,-16.84,0.8609,
holdout_00_7976-110124-0013,bursty,15,agent,7.77,5.27,-2.5,0.9335,
holdout_01_8842-302196-0003,white,-5,unprocessed,3.23,3.23,0.0,0.6299,
holdout_01_8842-302196-0003,white,-5,dsp_only,3.23,39.36,36.14,0.5891,
holdout_01_8842-302196-0003,white,-5,dsp_ml,3.23,40.0,36.77,0.5888,
holdout_01_8842-302196-0003,white,-5,agent,3.23,40.0,36.77,0.5844,
holdout_01_8842-302196-0003,white,0,unprocessed,6.28,6.28,0.0,0.7725,
holdout_01_8842-302196-0003,white,0,dsp_only,6.28,40.0,33.72,0.7121,
holdout_01_8842-302196-0003,white,0,dsp_ml,6.28,40.0,33.72,0.7104,
holdout_01_8842-302196-0003,white,0,agent,6.28,40.0,33.72,0.7076,
holdout_01_8842-302196-0003,white,5,unprocessed,10.32,10.32,0.0,0.8908,
holdout_01_8842-302196-0003,white,5,dsp_only,10.32,40.0,29.68,0.799,
holdout_01_8842-302196-0003,white,5,dsp_ml,10.32,40.0,29.68,0.795,
holdout_01_8842-302196-0003,white,5,agent,10.32,40.0,29.68,0.8095,
holdout_01_8842-302196-0003,white,10,unprocessed,1.04,1.04,0.0,0.9589,
holdout_01_8842-302196-0003,white,10,dsp_only,1.04,-13.05,-14.09,0.834,
holdout_01_8842-302196-0003,white,10,dsp_ml,1.04,-13.52,-14.56,0.8281,
holdout_01_8842-302196-0003,white,10,agent,1.04,-14.26,-15.3,0.8479,
holdout_01_8842-302196-0003,white,15,unprocessed,2.16,2.16,0.0,0.9867,
holdout_01_8842-302196-0003,white,15,dsp_only,2.16,-6.79,-8.96,0.8479,
holdout_01_8842-302196-0003,white,15,dsp_ml,2.16,-7.04,-9.2,0.8414,
holdout_01_8842-302196-0003,white,15,agent,2.16,-7.18,-9.34,0.8581,
holdout_01_8842-302196-0003,brown_hum,-5,unprocessed,4.92,4.92,0.0,0.9866,
holdout_01_8842-302196-0003,brown_hum,-5,dsp_only,4.92,5.66,0.75,0.8841,
holdout_01_8842-302196-0003,brown_hum,-5,dsp_ml,4.92,4.47,-0.44,0.8761,
holdout_01_8842-302196-0003,brown_hum,-5,agent,4.92,2.04,-2.87,0.8687,
holdout_01_8842-302196-0003,brown_hum,0,unprocessed,6.41,6.41,0.0,0.9954,
holdout_01_8842-302196-0003,brown_hum,0,dsp_only,6.41,5.1,-1.31,0.8963,
holdout_01_8842-302196-0003,brown_hum,0,dsp_ml,6.41,4.28,-2.13,0.8869,
holdout_01_8842-302196-0003,brown_hum,0,agent,6.41,2.52,-3.89,0.8806,
holdout_01_8842-302196-0003,brown_hum,5,unprocessed,8.44,8.44,0.0,0.9985,
holdout_01_8842-302196-0003,brown_hum,5,dsp_only,8.44,9.75,1.31,0.9004,
holdout_01_8842-302196-0003,brown_hum,5,dsp_ml,8.44,9.42,0.98,0.8903,
holdout_01_8842-302196-0003,brown_hum,5,agent,8.44,10.7,2.27,0.8842,
holdout_01_8842-302196-0003,brown_hum,10,unprocessed,10.66,10.66,0.0,0.9995,
holdout_01_8842-302196-0003,brown_hum,10,dsp_only,10.66,11.82,1.16,0.902,
holdout_01_8842-302196-0003,brown_hum,10,dsp_ml,10.66,11.53,0.86,0.8919,
holdout_01_8842-302196-0003,brown_hum,10,agent,10.66,13.45,2.79,0.9875,
holdout_01_8842-302196-0003,brown_hum,15,unprocessed,11.94,11.94,0.0,0.9999,
holdout_01_8842-302196-0003,brown_hum,15,dsp_only,11.94,11.88,-0.05,0.9026,
holdout_01_8842-302196-0003,brown_hum,15,dsp_ml,11.94,11.55,-0.38,0.8926,
holdout_01_8842-302196-0003,brown_hum,15,agent,11.94,14.08,2.15,0.9878,
holdout_01_8842-302196-0003,tonal,-5,unprocessed,3.07,3.07,0.0,0.6835,
holdout_01_8842-302196-0003,tonal,-5,dsp_only,3.07,30.03,26.96,0.6268,
holdout_01_8842-302196-0003,tonal,-5,dsp_ml,3.07,32.47,29.4,0.6251,
holdout_01_8842-302196-0003,tonal,-5,agent,3.07,37.93,34.86,0.6202,
holdout_01_8842-302196-0003,tonal,0,unprocessed,6.12,6.12,0.0,0.8152,
holdout_01_8842-302196-0003,tonal,0,dsp_only,6.12,30.82,24.7,0.7452,
holdout_01_8842-302196-0003,tonal,0,dsp_ml,6.12,33.29,27.17,0.7445,
holdout_01_8842-302196-0003,tonal,0,agent,6.12,37.23,31.11,0.7399,
holdout_01_8842-302196-0003,tonal,5,unprocessed,-0.01,-0.01,0.0,0.9132,
holdout_01_8842-302196-0003,tonal,5,dsp_only,-0.01,-9.7,-9.68,0.8076,
holdout_01_8842-302196-0003,tonal,5,dsp_ml,-0.01,-10.15,-10.13,0.8041,
holdout_01_8842-302196-0003,tonal,5,agent,-0.01,-14.98,-14.97,0.8037,
holdout_01_8842-302196-0003,tonal,10,unprocessed,1.19,1.19,0.0,0.9658,
holdout_01_8842-302196-0003,tonal,10,dsp_only,1.19,-3.46,-4.65,0.832,
holdout_01_8842-302196-0003,tonal,10,dsp_ml,1.19,-3.76,-4.95,0.8269,
holdout_01_8842-302196-0003,tonal,10,agent,1.19,-2.85,-4.04,0.8503,
holdout_01_8842-302196-0003,tonal,15,unprocessed,2.36,2.36,0.0,0.9879,
holdout_01_8842-302196-0003,tonal,15,dsp_only,2.36,0.12,-2.24,0.8502,
holdout_01_8842-302196-0003,tonal,15,dsp_ml,2.36,-0.01,-2.37,0.8456,
holdout_01_8842-302196-0003,tonal,15,agent,2.36,-0.43,-2.79,0.8611,
holdout_01_8842-302196-0003,bursty,-5,unprocessed,4.08,4.08,0.0,0.638,
holdout_01_8842-302196-0003,bursty,-5,dsp_only,4.08,26.2,22.12,0.592,
holdout_01_8842-302196-0003,bursty,-5,dsp_ml,4.08,28.72,24.64,0.5905,
holdout_01_8842-302196-0003,bursty,-5,agent,4.08,40.0,35.92,0.588,
holdout_01_8842-302196-0003,bursty,0,unprocessed,6.84,6.84,0.0,0.7754,
holdout_01_8842-302196-0003,bursty,0,dsp_only,6.84,28.85,22.02,0.6968,
holdout_01_8842-302196-0003,bursty,0,dsp_ml,6.84,31.43,24.6,0.6961,
holdout_01_8842-302196-0003,bursty,0,agent,6.84,40.0,33.16,0.6898,
holdout_01_8842-302196-0003,bursty,5,unprocessed,1.03,1.03,0.0,0.8892,
holdout_01_8842-302196-0003,bursty,5,dsp_only,1.03,-13.77,-14.8,0.7756,
holdout_01_8842-302196-0003,bursty,5,dsp_ml,1.03,-14.61,-15.64,0.7722,
holdout_01_8842-302196-0003,bursty,5,agent,1.03,-15.56,-16.59,0.7917,
holdout_01_8842-302196-0003,bursty,10,unprocessed,0.66,0.66,0.0,0.9555,
holdout_01_8842-302196-0003,bursty,10,dsp_only,0.66,-11.65,-12.31,0.8201,
holdout_01_8842-302196-0003,bursty,10,dsp_ml,0.66,-12.09,-12.75,0.8144,
holdout_01_8842-302196-0003,bursty,10,agent,0.66,-10.38,-11.04,0.8366,
holdout_01_8842-302196-0003,bursty,15,unprocessed,2.36,2.36,0.0,0.9843,
holdout_01_8842-302196-0003,bursty,15,dsp_only,2.36,-7.71,-10.07,0.8436,
holdout_01_8842-302196-0003,bursty,15,dsp_ml,2.36,-7.96,-10.32,0.8371,
holdout_01_8842-302196-0003,bursty,15,agent,2.36,-8.07,-10.43,0.854,
